{
  "data": {
    "Software Engineer": {
      "p10": 79850,
      "p90": 211450,
      "mean": 144570,
      "median": 133080,
      "source": "BLS OES"
    },
    "Registered Nurse": {
      "source": "BLS OES",
      "mean": 98430,
      "median": 93600,
      "p10": 66030,
      "p90": 135320
    },
    "Marketing Manager": {
      "p10": 81900,
      "mean": 171520,
      "median": 161030,
      "source": "BLS OES"
    },
    "Sales Representative": {
      "p10": 66910,
      "mean": 160930,
      "median": 138060,
      "source": "BLS OES"
    },
    "Data Analyst": {
      "p10": 63650,
      "p90": 194410,
      "mean": 124590,
      "median": 112590,
      "source": "BLS OES"
    },
    "Warehouse Associate": {
      "p10": 29850,
      "p90": 49200,
      "mean": 38910,
      "median": 37090,
      "source": "BLS OES"
    },
    "Truck Driver": {
      "p10": 38640,
      "p90": 78800,
      "mean": 58400,
      "median": 57440,
      "source": "BLS OES"
    },
    "Financial Analyst": {
      "p10": 62410,
      "p90": 180550,
      "mean": 116490,
      "median": 101350,
      "source": "BLS OES"
    },
    "Project Manager": {
      "source": "BLS OES",
      "mean": 149890,
      "median": 136550,
      "p10": 68860,
      "p90": 227590
    },
    "Customer Service Representative": {
      "p10": 22620,
      "p90": 38800,
      "mean": 31350,
      "median": 30480,
      "source": "BLS OES"
    }
  },
  "_refreshed_at": 1775223417.920189,
  "_refreshed_iso": "2026-04-03T13:36:57.921448+00:00"
}